,molecule_chembl_id,canonical_smiles,bioactivity_class,MW,LogP,NumHDonors,NumHAcceptors,pIC50
6,CHEMBL551232,N[C@@H](CO)[C@H](O)/C=C/CCCCCCCCc1ccc(I)cc1,active,431.3579999999999,3.8011000000000026,3.0,3.0,6.301029995663981
14,CHEMBL572912,CCCCCCCCc1ccc(NC(=O)C(C)(N)CO)cc1,inactive,306.45000000000005,3.237800000000001,3.0,3.0,5.0
15,CHEMBL575356,CCCCCCCCc1ccc(NC(=O)[C@@H](N)COC)cc1,inactive,306.45000000000005,3.501800000000001,2.0,3.0,5.0
18,CHEMBL427579,CCCCCCCCc1ccc(NC(=O)[C@@H](N)[C@@H](C)O)cc1,active,306.45000000000005,3.2362,3.0,3.0,6.187086643357144
23,CHEMBL584561,CCCCCCCCc1ccc(CNC(=O)C(N)CO)cc1,inactive,306.45000000000005,2.5254000000000003,3.0,3.0,5.0
26,CHEMBL583979,CCCCCCCCc1ccc(NC(=O)[C@@H](N)CCO)cc1,active,306.45000000000005,3.237800000000001,3.0,3.0,7.301029995663981
27,CHEMBL575772,CCCCCCCCc1ccc(NC(=O)C(N)CCO)cc1,active,306.45000000000005,3.237800000000001,3.0,3.0,6.7447274948966935
28,CHEMBL574941,CCCCCCCCc1ccc(NC(=O)C(N)CCCO)cc1,inactive,320.4770000000001,3.6279000000000012,3.0,3.0,5.0
31,CHEMBL574237,CCCCCCCCc1ccc(NCC(N)CCO)cc1,inactive,292.467,3.7112000000000016,3.0,3.0,5.0
32,CHEMBL574238,CCCCCCCCc1ccc(NC(=O)[C@H]2NCC[C@@H]2O)cc1,active,318.46100000000007,3.2509000000000006,3.0,3.0,7.2076083105017466
35,CHEMBL572954,CCCCCCCCc1ccc(CNC(=O)[C@H]2NCC[C@@H]2O)cc1,active,332.4880000000001,2.928600000000001,3.0,3.0,6.366531544420414
37,CHEMBL578596,CCCCCCCCc1ccc(NC[C@H]2NCC[C@@H]2O)cc1,active,304.478,3.7243000000000013,3.0,3.0,6.130768280269024
38,CHEMBL1209686,CC[C@H](NC(=O)[C@H]1NCC[C@@H]1O)c1ccc(-c2noc(CCC3CCCCC3)n2)cc1,active,426.5610000000004,3.539600000000002,3.0,6.0,8.0
39,CHEMBL1209685,C[C@H](NC(=O)[C@H]1NCC[C@@H]1O)c1ccc(-c2noc(CCC3CCCCC3)n2)cc1,active,412.53400000000033,3.1495000000000015,3.0,6.0,7.698970004336019
40,CHEMBL1209617,C[C@H](NC(=O)[C@H]1NCC[C@@H]1O)c1ccc(-c2noc(CCC3CCCC3)n2)cc1,active,398.5070000000003,2.759400000000001,3.0,6.0,7.236572006437063
41,CHEMBL1209616,CCCCCCCc1nc(-c2ccc([C@@H](NC(=O)[C@H]3NCC[C@@H]3O)C(C)C)cc2)no1,active,428.57700000000017,3.7856000000000023,3.0,6.0,6.958607314841775
42,CHEMBL1209615,CCCCCCCc1nc(-c2ccc([C@H](CC)NC(=O)[C@H]3NCC[C@@H]3O)cc2)no1,active,414.5500000000002,3.539600000000001,3.0,6.0,7.522878745280337
43,CHEMBL1209614,CCCCCCCc1nc(-c2ccc([C@H](C)NC(=O)[C@H]3NCC[C@@H]3O)cc2)no1,active,400.52300000000014,3.1495000000000006,3.0,6.0,7.318758762624412
45,CHEMBL1209545,O=C(NCc1ccc(-c2noc(CCc3ccccc3)n2)cc1)[C@H]1NCC[C@@H]1O,active,392.45900000000006,1.8607999999999998,3.0,6.0,6.142667503568731
46,CHEMBL1209544,O=C(NCc1ccc(-c2noc(CCC3CCCCC3)n2)cc1)[C@H]1NCC[C@@H]1O,active,398.50700000000006,2.5885000000000002,3.0,6.0,7.6020599913279625
48,CHEMBL1209542,O=C(NCc1ccc(-c2noc(CCC3CCCC3)n2)cc1)[C@H]1NCC[C@@H]1O,active,384.48,2.1984,3.0,6.0,7.167491087293763
49,CHEMBL1209464,O=C(NCc1ccc(-c2noc(C3CCCCCC3)n2)cc1)[C@H]1NCC[C@@H]1O,active,384.48,2.5134000000000003,3.0,6.0,6.2076083105017466
51,CHEMBL1209462,CC1(c2nc(-c3ccc(CNC(=O)[C@H]4NCC[C@@H]4O)cc3)no2)CCCCC1,active,384.48000000000025,2.2973999999999997,3.0,6.0,6.6777807052660805
52,CHEMBL1209461,O=C(NCc1ccc(-c2noc(C3CCCCC3)n2)cc1)[C@H]1NCC[C@@H]1O,active,370.453,2.1233,3.0,6.0,6.42021640338319
53,CHEMBL1209460,CCCCCc1nc(-c2ccc(CNC(=O)[C@H]3NCC[C@@H]3O)cc2)no1,active,358.4420000000001,1.8082999999999996,3.0,6.0,6.366531544420414
54,CHEMBL1209388,CCCCCCc1nc(-c2ccc(CNC(=O)[C@H]3NCC[C@@H]3O)cc2)no1,active,372.4690000000001,2.1983999999999995,3.0,6.0,7.309803919971486
56,CHEMBL1209386,CCCCCCCc1cnc(-c2ccc(CNC(=O)[C@H]3NCC[C@@H]3O)cc2)s1,active,401.5760000000001,3.6620000000000017,3.0,5.0,7.154901959985743
57,CHEMBL1209385,CCCCCCCc1noc(-c2ccc(CNC(=O)[C@H]3NCC[C@@H]3O)cc2)n1,active,386.4960000000001,2.5885000000000007,3.0,6.0,7.214670164989233
60,CHEMBL1209325,CCCCCCCc1nc(-c2ccc(CNC(=O)[C@H]3NCC[C@@H]3O)cc2)nn1C,active,399.5390000000001,2.3339999999999996,3.0,6.0,6.214670164989233
61,CHEMBL1209324,CCCCCCCCc1nc(-c2ccc(CNC(=O)[C@H]3NCC[C@@H]3O)cc2)no1,active,400.52300000000014,2.978600000000001,3.0,6.0,7.0655015487564325
62,CHEMBL1209323,CCCCCCCCc1nc(-c2ccc(NC(=O)[C@H]3NCC[C@@H]3O)cc2)no1,inactive,386.4960000000001,3.3009000000000013,3.0,6.0,5.0
63,CHEMBL1209322,CCCCCCCc1nc(-c2ccc(CNC(=O)[C@H]3NCC[C@@H]3O)cc2)no1,active,386.4960000000001,2.5885000000000007,3.0,6.0,7.167491087293763
64,CHEMBL1209256,CCCCCCCc1nc(-c2ccc(NC(=O)[C@H]3NCC[C@@H]3O)cc2)no1,inactive,372.4690000000001,2.9108,3.0,6.0,5.0
65,CHEMBL574238,CCCCCCCCc1ccc(NC(=O)[C@H]2NCC[C@@H]2O)cc1,active,318.46100000000007,3.2509000000000006,3.0,3.0,7.2076083105017466
66,CHEMBL1209687,CC[C@H](NC(=O)[C@H]1NCC[C@@H]1O)c1ccc(-c2noc(CCC3CCCC3)n2)cc1,active,412.53400000000033,3.1495000000000015,3.0,6.0,7.251811972993799
67,CHEMBL2316958,CC(C)=CC(=O)CCC(=O)N1CCN(Cc2cc3nc(-c4cccc5[nH]ncc45)nc(N4CCOCC4)c3s2)CC1,active,573.7230000000002,4.030900000000003,1.0,9.0,6.0
69,CHEMBL2409878,N#Cc1ccc(-c2csc(Nc3ccc(CCN4CCCC[C@@H]4CO)cc3)n2)cc1,inactive,418.5660000000002,4.814680000000005,2.0,6.0,5.0
70,CHEMBL2409855,OCCC1CCCCN1CCc1ccc(Nc2nc(-c3ccc4ccccc4c3)cs2)cc1,inactive,457.64300000000014,6.486300000000005,2.0,5.0,5.0
82,CHEMBL2409856,CN1CCN(CCc2ccc(Nc3nc(-c4ccc5ccccc5c4)cs3)cc2)C(CO)C1,active,458.63100000000014,4.857700000000005,2.0,6.0,6.0
83,CHEMBL2407092,OC[C@@H]1CCCN1CCc1ccc(Nc2nc(-c3ccc4ccccc4c3)cs2)cc1,active,429.5890000000001,5.706100000000005,2.0,5.0,6.00436480540245
84,CHEMBL2409852,OCC1CCCCCN1CCc1ccc(Nc2nc(-c3ccc4ccccc4c3)cs2)cc1,active,457.64300000000014,6.486300000000006,2.0,5.0,6.036212172654444
85,CHEMBL2407200,OC[C@H]1CCCN1CCc1ccc(Nc2nc(-c3ccc4ccccc4c3)cs2)cc1,active,429.5890000000001,5.706100000000005,2.0,5.0,6.236572006437063
86,CHEMBL2409863,OC[C@@H]1C[C@H](O)CCN1CCc1ccc(Nc2nc(-c3ccc4ccccc4c3)cs2)cc1,active,459.6150000000001,5.067000000000005,3.0,6.0,6.346787486224656
87,CHEMBL2409869,OC[C@H]1C[C@H](O)CN1CCc1ccc(Nc2nc(-c3ccc(Cl)c(Cl)c3)cs2)cc1,active,464.4180000000001,4.830500000000003,3.0,6.0,6.3872161432802645
88,CHEMBL2409887,OC[C@H]1C[C@@H](O)CCN1CCc1ccc(Nc2nc(-c3ccc(F)cc3)cs2)cc1,active,427.5450000000001,4.052900000000003,3.0,6.0,6.443697499232712
89,CHEMBL2409882,OC[C@H]1C[C@@H](O)CCN1CCc1ccc(Nc2nc(-c3cccc(F)c3)cs2)cc1,active,427.5450000000001,4.052900000000003,3.0,6.0,6.494850021680094
90,CHEMBL2409876,OC[C@H]1CCCCN1CCc1ccc(Nc2nc(-c3cccc(Cl)c3)cs2)cc1,active,428.0010000000001,5.5964000000000045,2.0,5.0,6.568636235841013
91,CHEMBL2409864,C[C@]1(O)CCN(CCc2ccc(Nc3nc(-c4ccc5ccccc5c4)cs3)cc2)[C@@H](CO)C1,active,473.6420000000002,5.457100000000006,3.0,6.0,6.638272163982407
92,CHEMBL2409862,OC[C@H]1C[C@H](O)CCN1CCc1ccc(Nc2nc(-c3ccc4ccccc4c3)cs2)cc1,active,459.6150000000001,5.067000000000005,3.0,6.0,6.657577319177793
93,CHEMBL2409875,OC[C@H]1CCCCN1CCc1ccc(Nc2nc(-c3ccccc3C(F)(F)F)cs2)cc1,active,461.5530000000001,5.961800000000005,2.0,5.0,6.769551078621726
94,CHEMBL2407119,OC[C@H]1CCCCN1CCc1ccc(Nc2nc(-c3ccccc3Cl)cs2)cc1,active,428.0010000000001,5.596400000000005,2.0,5.0,6.823908740944319
95,CHEMBL2409851,OCC1CCCCN1CCc1ccc(Nc2nc(-c3ccc4ccccc4c3)cs2)cc1,active,443.61600000000016,6.096200000000005,2.0,5.0,6.853871964321762
96,CHEMBL2409846,OC[C@H]1C[C@@H](O)CCN1CCc1ccc(Nc2nc(C3CCCC3)cs2)cc1,active,401.5760000000002,3.9044000000000025,3.0,6.0,6.886056647693163
97,CHEMBL2409867,OC[C@H]1C[C@@H](O)CN1CCc1ccc(Nc2nc(-c3ccc(Cl)c(Cl)c3)cs2)cc1,active,464.4180000000001,4.830500000000003,3.0,6.0,6.886056647693163
98,CHEMBL2409872,OC[C@H]1CCCCN1CCc1ccc(Nc2nc(-c3ccccc3F)cs2)cc1,active,411.5460000000001,5.082100000000005,2.0,5.0,6.920818753952375
99,CHEMBL2409877,OC[C@H]1CCCCN1CCc1ccc(Nc2nc(-c3ccc(Cl)cc3)cs2)cc1,active,428.0010000000001,5.5964000000000045,2.0,5.0,7.096910013008056
100,CHEMBL2409859,OC[C@H]1CCCCN1CCc1ccc(Nc2nc(-c3ccc4ccccc4c3)cs2)cc1,active,443.61600000000016,6.096200000000005,2.0,5.0,7.096910013008056
101,CHEMBL2409892,CCCCc1csc(Nc2ccc(CCN3CC[C@H](O)C[C@@H]3CO)cc2)n1,active,389.5650000000001,3.589400000000002,3.0,6.0,7.154901959985743
102,CHEMBL2409879,OC[C@H]1C[C@@H](O)CCN1CCc1ccc(Nc2nc(-c3ccccc3)cs2)cc1,active,409.55500000000006,3.913800000000002,3.0,6.0,7.154901959985743
103,CHEMBL2409885,COc1cccc(-c2csc(Nc3ccc(CCN4CC[C@H](O)C[C@@H]4CO)cc3)n2)c1,active,439.5810000000002,3.9224000000000023,3.0,7.0,7.301029995663981
104,CHEMBL2409890,COc1ccc(-c2csc(Nc3ccc(CCN4CC[C@H](O)C[C@@H]4CO)cc3)n2)cc1,active,439.5810000000002,3.922400000000003,3.0,7.0,7.522878745280337
105,CHEMBL2409870,OC[C@H]1C[C@H](O)CN1CCCc1ccc(Nc2nc(-c3ccc(Cl)c(Cl)c3)cs2)cc1,active,478.44500000000016,5.220600000000004,3.0,6.0,7.522878745280337
106,CHEMBL2409868,OC[C@H]1C[C@@H](O)CN1CCCc1ccc(Nc2nc(-c3ccc(Cl)c(Cl)c3)cs2)cc1,active,478.44500000000016,5.220600000000004,3.0,6.0,7.522878745280337
107,CHEMBL2409891,OC[C@H]1C[C@@H](O)CCN1CCc1ccc(Nc2nc(-c3ccc(C(F)(F)F)cc3)cs2)cc1,active,477.5520000000001,4.932600000000004,3.0,6.0,7.698970004336019
108,CHEMBL2409883,OC[C@H]1C[C@@H](O)CCN1CCc1ccc(Nc2nc(-c3cccc(Cl)c3)cs2)cc1,active,444.0000000000001,4.567200000000003,3.0,6.0,7.698970004336019
109,CHEMBL2409880,OC[C@H]1C[C@@H](O)CCN1CCc1ccc(Nc2nc(-c3ccccc3F)cs2)cc1,active,427.5450000000001,4.052900000000003,3.0,6.0,7.698970004336019
110,CHEMBL2409865,OC[C@H]1C[C@@H](O)CCN1CCc1ccc(Nc2nc(-c3ccc(Cl)c(Cl)c3)cs2)cc1,active,478.44500000000016,5.220600000000004,3.0,6.0,7.698970004336019
111,CHEMBL2409861,OC[C@H]1C[C@@H](O)CCN1CCc1ccc(Nc2nc(-c3ccc4ccccc4c3)cs2)cc1,active,459.6150000000001,5.067000000000005,3.0,6.0,7.698970004336019
112,CHEMBL2407198,OC[C@H]1C[C@@H](O)CCN1CCc1ccc(Nc2nc(C3CCCCC3)cs2)cc1,active,415.60300000000024,4.294500000000003,3.0,6.0,8.0
113,CHEMBL2409884,Cc1cccc(-c2csc(Nc3ccc(CCN4CC[C@H](O)C[C@@H]4CO)cc3)n2)c1,active,423.58200000000016,4.222220000000003,3.0,6.0,8.0
114,CHEMBL2409881,OC[C@H]1C[C@@H](O)CCN1CCc1ccc(Nc2nc(-c3ccccc3Cl)cs2)cc1,active,444.0000000000001,4.567200000000003,3.0,6.0,8.0
115,CHEMBL2409888,OC[C@H]1C[C@@H](O)CCN1CCc1ccc(Nc2nc(-c3ccc(Cl)cc3)cs2)cc1,active,444.0000000000001,4.567200000000003,3.0,6.0,8.096910013008056
116,CHEMBL2409889,Cc1ccc(-c2csc(Nc3ccc(CCN4CC[C@H](O)C[C@@H]4CO)cc3)n2)cc1,active,423.58200000000016,4.222220000000002,3.0,6.0,8.154901959985743
117,CHEMBL2409848,OC[C@H]1C[C@@H](O)CCN1CCc1ccc(Nc2nc(-c3cccc(C(F)(F)F)c3F)cs2)cc1,active,495.5420000000001,5.071700000000004,3.0,6.0,8.301029995663981
118,CHEMBL2407197,OC[C@H]1C[C@@H](O)CCN1CCc1ccc(Nc2nc(C34CC5CC(CC(C5)C3)C4)cs2)cc1,active,467.6790000000003,4.714600000000004,3.0,6.0,8.301029995663981
119,CHEMBL2409886,OC[C@H]1C[C@@H](O)CCN1CCc1ccc(Nc2nc(-c3cccc(C(F)(F)F)c3)cs2)cc1,active,477.5520000000001,4.932600000000004,3.0,6.0,8.301029995663981
120,CHEMBL2409849,OC[C@H]1C[C@@H](O)CCN1CCc1ccc(Nc2nc(-c3ccc(C(F)(F)F)cc3F)cs2)cc1,active,495.5420000000001,5.071700000000004,3.0,6.0,8.397940008672037
121,CHEMBL2409850,OC[C@H]1C[C@@H](O)CCN1CCc1ccc(Nc2nc(-c3cc(C(F)(F)F)ccc3F)cs2)cc1,active,495.5420000000001,5.071700000000004,3.0,6.0,8.522878745280337
122,CHEMBL2409847,OC[C@H]1C[C@@H](O)CCN1CCc1ccc(Nc2nc(-c3ccc(Cl)cc3Cl)cs2)cc1,active,478.44500000000016,5.220600000000004,3.0,6.0,8.522878745280337
125,CHEMBL3086806,CCCCCCCCc1ccc(CCN2CCC(N)CC2)cc1,inactive,316.5330000000001,4.555200000000004,1.0,2.0,4.772113295386326
127,CHEMBL3134157,Cc1cc(CS(=O)(=O)c2ccccc2)cc(OCc2ccc(CN3CCC[C@@H]3CO)cc2)c1,active,465.61500000000035,4.504620000000005,1.0,5.0,7.552841968657781
128,CHEMBL3134156,CCCCCCCCCCCCCCOC[C@@H](O)[C@H](C)N(C)C,inactive,329.569,5.015100000000005,1.0,3.0,4.555955204081924
130,CHEMBL3134155,CCCCCCCCCCCCCCC[C@@H](O)[C@H](CO)NC(=S)Nc1cccc(C(F)(F)F)c1,inactive,504.70300000000003,7.1949000000000085,4.0,3.0,4.161150909262744
131,CHEMBL3287035,CCCCCCCCCCCCC/C=C/[C@H](O)[C@@H](CO)NC(=N)N.Cl,active,341.54,3.4485700000000006,5.0,3.0,7.3979400086720375
133,CHEMBL3416759,C[C@@H](NC(=O)[C@H]1NCC[C@@H]1O)c1ccc(-c2noc(CCC3CCCC3)n2)cc1,active,398.5070000000003,2.759400000000001,3.0,6.0,7.236572006437063
135,CHEMBL2409891,OC[C@H]1C[C@@H](O)CCN1CCc1ccc(Nc2nc(-c3ccc(C(F)(F)F)cc3)cs2)cc1,active,477.5520000000001,4.932600000000004,3.0,6.0,7.698970004336019
136,CHEMBL322333,CCCCCCCCCCCCC/C=C/[C@@H](O)[C@H](CO)N(C)C,inactive,327.55300000000005,4.5271000000000035,2.0,3.0,4.446238301609996
137,CHEMBL3735039,CCCCCCCCCCCCCC(=O)Nc1nc2ccccc2[nH]1,inactive,343.515,6.202500000000006,2.0,2.0,4.3923305633117575
138,CHEMBL3736205,CCCOc1ccc(N2C(=O)CC(Nc3ccc(CCO)cc3)C2=O)cc1,inactive,368.4330000000001,2.754200000000001,2.0,5.0,4.210419287835575
139,CHEMBL3735192,O=C(N/N=C/c1cccc(OCc2ccccc2)c1)c1cc(O)c(O)c(O)c1,inactive,378.38400000000007,3.1463000000000028,4.0,6.0,4.636952405478906
140,CHEMBL3763321,OC[C@H]1C[C@H](O)CN1CCCc1ccc(Nc2nc(-c3cccc(C(F)(F)F)c3)cs2)cc1,active,477.5520000000001,4.932600000000004,3.0,6.0,7.698970004336019
141,CHEMBL3134157,Cc1cc(CS(=O)(=O)c2ccccc2)cc(OCc2ccc(CN3CCC[C@@H]3CO)cc2)c1,active,465.61500000000035,4.504620000000005,1.0,5.0,8.522878745280337
142,CHEMBL3134157,Cc1cc(CS(=O)(=O)c2ccccc2)cc(OCc2ccc(CN3CCC[C@@H]3CO)cc2)c1,active,465.61500000000035,4.504620000000005,1.0,5.0,7.552841968657781
143,CHEMBL3134157,Cc1cc(CS(=O)(=O)c2ccccc2)cc(OCc2ccc(CN3CCC[C@@H]3CO)cc2)c1,active,465.61500000000035,4.504620000000005,1.0,5.0,6.412289034981089
144,CHEMBL3764032,Oc1ccc(Nc2nnc(-c3ccc(I)cc3)o2)cc1,inactive,379.15700000000004,3.7904000000000018,2.0,5.0,4.698970004336019
146,CHEMBL2409891,OC[C@H]1C[C@@H](O)CCN1CCc1ccc(Nc2nc(-c3ccc(C(F)(F)F)cc3)cs2)cc1,active,477.5520000000001,4.932600000000004,3.0,6.0,8.0
147,CHEMBL3813893,COc1cccc(COc2ccc(/C=N/NC(=O)c3ccc(O)c(O)c3)cc2)c1,inactive,392.4110000000001,3.4493000000000027,3.0,6.0,4.596536298654683
148,CHEMBL3814178,COc1cccc(COc2ccc(/C=N/NC(=O)c3cc(O)cc(O)c3)cc2)c1,inactive,392.4110000000001,3.449300000000002,3.0,6.0,4.0
149,CHEMBL3814952,COc1cccc(COc2cccc(/C=N/NC(=O)c3ccc(O)cc3)c2)c1,inactive,376.4120000000001,3.7437000000000022,2.0,5.0,4.0
150,CHEMBL3813800,COc1cccc(COc2cccc(/C=N/NC(=O)c3cccc(O)c3)c2)c1,inactive,376.4120000000001,3.7437000000000022,2.0,5.0,4.0
152,CHEMBL3813737,COc1cccc(COc2cccc(/C=N/NC(=O)c3cc(O)cc(O)c3)c2)c1,inactive,392.4110000000001,3.449300000000002,3.0,6.0,4.0
153,CHEMBL3814344,O=C(N/N=C/c1cccc(OCc2ccccc2)c1)c1ccc2[nH]cnc2c1,inactive,370.41200000000003,3.905800000000002,2.0,4.0,4.0
154,CHEMBL3814524,COc1ccc(COc2ccc(/C=N/NC(=O)c3cc(O)c(O)c(O)c3)cc2)cc1,inactive,408.41000000000014,3.1549000000000023,4.0,7.0,4.0
156,CHEMBL3815127,COc1ccccc1COc1ccc(/C=N/NC(=O)c2cc(O)c(O)c(O)c2)cc1,inactive,408.41000000000014,3.1549000000000023,4.0,7.0,4.7342390832823895
157,CHEMBL3815133,O=C(N/N=C/c1ccc(OCc2ccc3ccccc3c2)cc1)c1cc(O)c(O)c(O)c1,inactive,428.44400000000013,4.2995000000000045,4.0,6.0,4.685922008220787
158,CHEMBL3813759,CC(C)(C)c1ccc(COc2ccc(/C=N/NC(=O)c3cc(O)c(O)c(O)c3)cc2)cc1,inactive,434.49200000000013,4.443800000000005,4.0,6.0,4.392009141452825
159,CHEMBL3814984,Cc1ccc(COc2ccc(/C=N/NC(=O)c3cc(O)c(O)c(O)c3)cc2)cc1,inactive,392.4110000000001,3.4547200000000027,4.0,6.0,4.485053994691996
160,CHEMBL3814709,N#Cc1ccc(COc2ccc(/C=N/NC(=O)c3cc(O)c(O)c(O)c3)cc2)cc1,inactive,403.3940000000001,3.0179800000000014,4.0,7.0,4.556893543262734
161,CHEMBL3814285,N#Cc1cccc(COc2ccc(/C=N/NC(=O)c3cc(O)c(O)c(O)c3)cc2)c1,inactive,403.3940000000001,3.0179800000000014,4.0,7.0,4.339513984215032
162,CHEMBL3814779,N#Cc1ccccc1COc1ccc(/C=N/NC(=O)c2cc(O)c(O)c(O)c2)cc1,inactive,403.3940000000001,3.0179800000000023,4.0,7.0,4.0
163,CHEMBL3813951,O=C(N/N=C/c1ccc(OCc2ccc(C(F)(F)F)cc2)cc1)c1cc(O)c(O)c(O)c1,inactive,446.3810000000001,4.165100000000003,4.0,6.0,4.42712839779952
164,CHEMBL3813988,O=C(N/N=C/c1ccc(OCc2cccc(C(F)(F)F)c2)cc1)c1cc(O)c(O)c(O)c1,inactive,446.3810000000001,4.165100000000003,4.0,6.0,4.2618539112879406
165,CHEMBL3814488,O=C(N/N=C/c1ccc(OCc2ccccc2C(F)(F)F)cc1)c1cc(O)c(O)c(O)c1,inactive,446.3810000000001,4.165100000000004,4.0,6.0,4.823619307756729
166,CHEMBL3814218,O=C(N/N=C/c1ccc(OCc2ccccc2)cc1)c1cc(O)c(O)c(O)c1,inactive,378.38400000000007,3.1463000000000028,4.0,6.0,4.657182685364267
167,CHEMBL3814312,COc1ccc(COc2cccc(/C=N/NC(=O)c3cc(O)c(O)c(O)c3)c2)cc1,inactive,408.41000000000014,3.1549000000000023,4.0,7.0,4.0
169,CHEMBL3814046,COc1ccccc1COc1cccc(/C=N/NC(=O)c2cc(O)c(O)c(O)c2)c1,inactive,408.41000000000014,3.1549000000000023,4.0,7.0,4.687822643560222
170,CHEMBL3814839,O=C(N/N=C/c1cccc(OCc2cccc3ccccc23)c1)c1cc(O)c(O)c(O)c1,inactive,428.44400000000013,4.2995000000000045,4.0,6.0,4.504455662453552
171,CHEMBL3814810,N#Cc1ccc(COc2cccc(/C=N/NC(=O)c3cc(O)c(O)c(O)c3)c2)cc1,inactive,403.3940000000001,3.0179800000000014,4.0,7.0,4.158390287831565
172,CHEMBL3815047,N#Cc1cccc(COc2cccc(/C=N/NC(=O)c3cc(O)c(O)c(O)c3)c2)c1,inactive,403.3940000000001,3.0179800000000023,4.0,7.0,4.069254671688887
173,CHEMBL3814989,N#Cc1ccccc1COc1cccc(/C=N/NC(=O)c2cc(O)c(O)c(O)c2)c1,inactive,403.3940000000001,3.0179800000000014,4.0,7.0,4.343135508451083
174,CHEMBL3814622,CC(C)(C)c1ccc(COc2cccc(/C=N/NC(=O)c3cc(O)c(O)c(O)c3)c2)cc1,inactive,434.49200000000013,4.443800000000005,4.0,6.0,4.453210648368742
175,CHEMBL3814091,O=C(N/N=C/c1cccc(OCc2ccc(Cl)cc2)c1)c1cc(O)c(O)c(O)c1,inactive,412.82900000000006,3.799700000000003,4.0,6.0,4.0
176,CHEMBL3814059,O=C(N/N=C/c1cccc(OCc2cccc(Cl)c2)c1)c1cc(O)c(O)c(O)c1,inactive,412.8290000000001,3.799700000000003,4.0,6.0,4.0
177,CHEMBL3815035,O=C(N/N=C/c1cccc(OCc2ccccc2Cl)c1)c1cc(O)c(O)c(O)c1,inactive,412.8290000000001,3.799700000000003,4.0,6.0,4.434152181326482
178,CHEMBL3814271,O=C(N/N=C/c1cccc(OCc2ccc(F)cc2)c1)c1cc(O)c(O)c(O)c1,inactive,396.3740000000001,3.285400000000002,4.0,6.0,4.0
179,CHEMBL3813986,O=C(N/N=C/c1cccc(OCc2cccc(F)c2)c1)c1cc(O)c(O)c(O)c1,inactive,396.3740000000001,3.285400000000002,4.0,6.0,4.0
180,CHEMBL3814912,O=C(N/N=C/c1cccc(OCc2ccccc2F)c1)c1cc(O)c(O)c(O)c1,inactive,396.3740000000001,3.285400000000002,4.0,6.0,4.0
181,CHEMBL3813765,O=C(N/N=C/c1cccc(OCc2ccc(C(F)(F)F)cc2)c1)c1cc(O)c(O)c(O)c1,inactive,446.3810000000001,4.165100000000003,4.0,6.0,4.788879458741951
182,CHEMBL3813857,O=C(N/N=C/c1cccc(OCc2cccc(C(F)(F)F)c2)c1)c1cc(O)c(O)c(O)c1,inactive,446.3810000000001,4.165100000000004,4.0,6.0,4.0
183,CHEMBL3814886,O=C(N/N=C/c1cccc(OCc2ccccc2C(F)(F)F)c1)c1cc(O)c(O)c(O)c1,inactive,446.3810000000001,4.165100000000003,4.0,6.0,4.708409174341999
184,CHEMBL3814930,Cc1ccc(COc2cccc(/C=N/NC(=O)c3cc(O)c(O)c(O)c3)c2)cc1,inactive,392.4110000000001,3.4547200000000027,4.0,6.0,4.339229356472303
185,CHEMBL3814845,Cc1cccc(COc2cccc(/C=N/NC(=O)c3cc(O)c(O)c(O)c3)c2)c1,inactive,392.4110000000001,3.4547200000000027,4.0,6.0,4.283162276700476
186,CHEMBL3814691,Cc1ccccc1COc1cccc(/C=N/NC(=O)c2cc(O)c(O)c(O)c2)c1,inactive,392.4110000000001,3.4547200000000027,4.0,6.0,4.199008138739829
187,CHEMBL3735192,O=C(N/N=C/c1cccc(OCc2ccccc2)c1)c1cc(O)c(O)c(O)c1,inactive,378.38400000000007,3.1463000000000028,4.0,6.0,4.395665926897089
188,CHEMBL3813749,COc1cccc(COc2ccc(/C=N/NC(=O)c3cccc(O)c3)cc2)c1,inactive,376.4120000000001,3.7437000000000022,2.0,5.0,4.0
189,CHEMBL3814396,COc1cccc(COc2ccc(/C=N/NC(=O)c3ccc(O)cc3)cc2)c1,inactive,376.4120000000001,3.7437000000000022,2.0,5.0,4.0
190,CHEMBL3814450,O=C(N/N=C/c1cccc(OCc2ccccc2C(F)(F)F)c1)c1cc(O)cc(O)c1,inactive,430.38200000000006,4.459500000000004,3.0,5.0,4.0
191,CHEMBL3814728,O=C(N/N=C/c1cccc(OCc2ccccc2C(F)(F)F)c1)c1ccc(O)c(O)c1,inactive,430.38200000000006,4.459500000000004,3.0,5.0,4.808828544271441
192,CHEMBL3814603,O=C(N/N=C/c1cccc(OCc2ccccc2C(F)(F)F)c1)c1cccc(O)c1,inactive,414.38300000000004,4.753900000000003,2.0,4.0,4.0
193,CHEMBL3813816,O=C(N/N=C/c1cccc(OCc2ccccc2C(F)(F)F)c1)c1ccc(O)cc1,inactive,414.38300000000004,4.753900000000003,2.0,4.0,4.0
194,CHEMBL3814087,O=C(N/N=C/c1ccc(OCc2ccccc2C(F)(F)F)cc1)c1cc(O)cc(O)c1,inactive,430.38200000000006,4.459500000000004,3.0,5.0,4.0
195,CHEMBL3814127,O=C(N/N=C/c1ccc(OCc2ccccc2C(F)(F)F)cc1)c1ccc(O)c(O)c1,inactive,430.38200000000006,4.459500000000004,3.0,5.0,4.783042792638903
196,CHEMBL3814697,O=C(N/N=C/c1ccc(OCc2ccccc2C(F)(F)F)cc1)c1cccc(O)c1,inactive,414.38300000000004,4.753900000000004,2.0,4.0,4.0
197,CHEMBL3815019,O=C(N/N=C/c1ccc(OCc2ccccc2C(F)(F)F)cc1)c1ccc(O)cc1,inactive,414.38300000000004,4.753900000000004,2.0,4.0,4.0
198,CHEMBL322333,CCCCCCCCCCCCC/C=C/[C@@H](O)[C@H](CO)N(C)C,inactive,327.55300000000005,4.5271000000000035,2.0,3.0,4.2961929347256715
199,CHEMBL3884319,CC1(C)C(=O)N([C@H]2CCc3c(O)cccc32)c2nc(Nc3ccccc3)ncc21,inactive,386.45500000000004,4.2375000000000025,2.0,5.0,5.0
200,CHEMBL4082814,Cc1nc2ccc(-c3ccc(CN4CCC[C@@H]4CO)cc3)cc2n1C[C@H]1CCCO1,active,405.54200000000014,4.147420000000003,1.0,5.0,6.060480747381382
201,CHEMBL4067356,Cc1nc2ccc(-c3ccc(CN4CCC[C@@H]4CO)cc3)cc2n1C[C@@H]1CCCO1,inactive,405.54200000000014,4.147420000000003,1.0,5.0,4.896196279044043
202,CHEMBL4088607,Cc1nc2ccc(-c3ccc(CN4CCC[C@H]4CO)cc3)cc2n1C[C@H]1CCCO1,inactive,405.54200000000014,4.147420000000003,1.0,5.0,4.0
203,CHEMBL4064624,Cc1nc2ccc(-c3ccc(CN4CCC[C@H]4CO)cc3)cc2n1C[C@@H]1CCCO1,inactive,405.54200000000014,4.147420000000003,1.0,5.0,4.0
204,CHEMBL3134157,Cc1cc(CS(=O)(=O)c2ccccc2)cc(OCc2ccc(CN3CCC[C@@H]3CO)cc2)c1,active,465.61500000000035,4.504620000000005,1.0,5.0,8.568636235841012
205,CHEMBL3348835,Cc1cc(CS(=O)(=O)c2ccccc2)cc(OCc2ccc(CN3CCC[C@H]3CO)cc2)c1,active,465.61500000000035,4.504620000000005,1.0,5.0,6.847711655616943
206,CHEMBL4077280,Cc1cc(CS(=O)(=O)c2ccccc2)cc(OCc2ccc(CN3CC[C@H](O)C3)cc2)c1,active,451.5880000000003,4.114520000000003,1.0,5.0,8.585026652029182
207,CHEMBL4061789,Cc1cc(CS(=O)(=O)c2ccccc2)cc(OCc2ccc(CN3C[C@@H](O)[C@H](O)C3)cc2)c1,active,467.5870000000003,3.085320000000001,2.0,6.0,8.698970004336019
208,CHEMBL4063424,Cc1cc(CS(=O)(=O)c2ccccc2)cc(OCc2ccc(CN3C[C@H](O)[C@H](O)C3)cc2)c1,active,467.5870000000003,3.085320000000001,2.0,6.0,8.4089353929735
209,CHEMBL4103414,Cc1cc(CS(=O)(=O)c2ccccc2)cc(OCc2ccc(CNCCO)cc2)c1,active,425.55000000000024,3.6298200000000023,2.0,5.0,7.835647144215563
210,CHEMBL4090361,O=S(=O)(Cc1cccc(OCc2ccc(CN3CCC[C@@H]3CO)cc2)c1)c1ccccc1,active,451.5880000000002,4.196200000000004,1.0,5.0,8.619788758288394
211,CHEMBL4069327,O=S(=O)(Cc1cccc(OCc2ccc(CN3CCC[C@@H]3CO)cc2)c1)C1CC1,active,415.55500000000023,3.299500000000002,1.0,5.0,7.393618634889395
212,CHEMBL4066270,OC[C@H]1CCCN1Cc1ccc(COc2cccc(C3CCCCC3)c2)cc1,active,379.54400000000027,5.270000000000006,1.0,3.0,8.769551078621726
213,CHEMBL4086094,CC(C)c1cccc(OCc2ccc(CN3CCC[C@@H]3CO)cc2)c1,active,339.479,4.3457000000000034,1.0,3.0,8.318758762624412
214,CHEMBL4104017,Cc1nc(-c2cccc(OCc3ccc(CN4CCC[C@@H]4CO)cc3)c2)no1,active,379.46000000000004,3.580720000000002,1.0,6.0,7.6020599913279625
217,CHEMBL4101628,Cc1cc(CS(=O)(=O)c2ccccc2)cc(OCc2ccc3[nH]cnc3c2)c1,inactive,392.48000000000013,4.424220000000003,1.0,4.0,4.318758762624412
218,CHEMBL4082814,Cc1nc2ccc(-c3ccc(CN4CCC[C@@H]4CO)cc3)cc2n1C[C@H]1CCCO1,active,405.54200000000014,4.147420000000003,1.0,5.0,6.721246399047171
220,CHEMBL4088607,Cc1nc2ccc(-c3ccc(CN4CCC[C@H]4CO)cc3)cc2n1C[C@H]1CCCO1,inactive,405.54200000000014,4.147420000000003,1.0,5.0,4.508638306165727
221,CHEMBL4064624,Cc1nc2ccc(-c3ccc(CN4CCC[C@H]4CO)cc3)cc2n1C[C@@H]1CCCO1,inactive,405.54200000000014,4.147420000000003,1.0,5.0,4.0
222,CHEMBL4091588,Cc1nc2ccc(-c3ccc(CN4CCC[C@@H]4CO)cc3)cc2n1CCC1CCC1,active,403.57000000000016,5.158620000000005,1.0,4.0,8.096910013008056
223,CHEMBL4086161,Cc1nc2ccc(-c3ccc(CN4CCC[C@@H]4CO)cc3)cc2n1CCC(C)C,active,391.5590000000001,5.0145200000000045,1.0,4.0,8.154901959985743
224,CHEMBL4104070,Cc1nc2ccc(-c3ccc(CN4CCC[C@@H]4CO)cc3)cc2n1CC1CCCC1,active,403.57000000000016,5.158620000000005,1.0,4.0,7.958607314841775
225,CHEMBL4093921,Cc1nc2ccc(-c3ccc(CN4CCC[C@@H]4CO)cc3)cc2n1Cc1ccccc1,active,411.54900000000004,5.016720000000005,1.0,4.0,6.356547323513812
226,CHEMBL4066355,Cc1nc2ccc(-c3ccc(CN4CCC[C@@H]4CO)cc3)cc2n1CC(C)C,active,377.53200000000004,4.624420000000004,1.0,4.0,6.5376020021010435
227,CHEMBL4101485,Cc1nc2ccc(-c3ccc(CN4CCCC4)cc3)cc2n1C[C@H]1CCCO1,inactive,375.51600000000013,4.786520000000004,0.0,4.0,4.0
228,CHEMBL3134157,Cc1cc(CS(=O)(=O)c2ccccc2)cc(OCc2ccc(CN3CCC[C@@H]3CO)cc2)c1,active,465.61500000000035,4.504620000000005,1.0,5.0,8.698970004336019
229,CHEMBL3348835,Cc1cc(CS(=O)(=O)c2ccccc2)cc(OCc2ccc(CN3CCC[C@H]3CO)cc2)c1,active,465.61500000000035,4.504620000000005,1.0,5.0,7.107905397309519
230,CHEMBL4077280,Cc1cc(CS(=O)(=O)c2ccccc2)cc(OCc2ccc(CN3CC[C@H](O)C3)cc2)c1,active,451.5880000000003,4.114520000000003,1.0,5.0,8.522878745280337
231,CHEMBL4077075,Cc1cc(CS(=O)(=O)c2ccccc2)cc(OCc2ccc(CN3CC[C@@H](O)C3)cc2)c1,active,451.5880000000003,4.114520000000003,1.0,5.0,7.552841968657781
232,CHEMBL4061789,Cc1cc(CS(=O)(=O)c2ccccc2)cc(OCc2ccc(CN3C[C@@H](O)[C@H](O)C3)cc2)c1,active,467.5870000000003,3.085320000000001,2.0,6.0,8.698970004336019
233,CHEMBL4063424,Cc1cc(CS(=O)(=O)c2ccccc2)cc(OCc2ccc(CN3C[C@H](O)[C@H](O)C3)cc2)c1,active,467.5870000000003,3.085320000000001,2.0,6.0,8.4089353929735
234,CHEMBL4103414,Cc1cc(CS(=O)(=O)c2ccccc2)cc(OCc2ccc(CNCCO)cc2)c1,active,425.55000000000024,3.6298200000000023,2.0,5.0,8.275724130399212
235,CHEMBL4090361,O=S(=O)(Cc1cccc(OCc2ccc(CN3CCC[C@@H]3CO)cc2)c1)c1ccccc1,active,451.5880000000002,4.196200000000004,1.0,5.0,8.698970004336019
236,CHEMBL4069327,O=S(=O)(Cc1cccc(OCc2ccc(CN3CCC[C@@H]3CO)cc2)c1)C1CC1,active,415.55500000000023,3.299500000000002,1.0,5.0,8.0
237,CHEMBL4093845,CS(=O)(=O)Cc1cccc(OCc2ccc(CN3CCC[C@@H]3CO)cc2)c1,active,389.51700000000017,2.7669000000000015,1.0,5.0,6.357535479757878
238,CHEMBL4066270,OC[C@H]1CCCN1Cc1ccc(COc2cccc(C3CCCCC3)c2)cc1,active,379.54400000000027,5.270000000000006,1.0,3.0,9.154901959985743
239,CHEMBL4086094,CC(C)c1cccc(OCc2ccc(CN3CCC[C@@H]3CO)cc2)c1,active,339.479,4.3457000000000034,1.0,3.0,9.096910013008056
240,CHEMBL4104017,Cc1nc(-c2cccc(OCc3ccc(CN4CCC[C@@H]4CO)cc3)c2)no1,active,379.46000000000004,3.580720000000002,1.0,6.0,8.346787486224656
243,CHEMBL4101628,Cc1cc(CS(=O)(=O)c2ccccc2)cc(OCc2ccc3[nH]cnc3c2)c1,inactive,392.48000000000013,4.424220000000003,1.0,4.0,4.318758762624412
244,CHEMBL4082814,Cc1nc2ccc(-c3ccc(CN4CCC[C@@H]4CO)cc3)cc2n1C[C@H]1CCCO1,active,405.54200000000014,4.147420000000003,1.0,5.0,7.0915149811213505
247,CHEMBL4064624,Cc1nc2ccc(-c3ccc(CN4CCC[C@H]4CO)cc3)cc2n1C[C@@H]1CCCO1,inactive,405.54200000000014,4.147420000000003,1.0,5.0,4.0
248,CHEMBL4091588,Cc1nc2ccc(-c3ccc(CN4CCC[C@@H]4CO)cc3)cc2n1CCC1CCC1,active,403.57000000000016,5.158620000000005,1.0,4.0,8.397940008672037
249,CHEMBL4086161,Cc1nc2ccc(-c3ccc(CN4CCC[C@@H]4CO)cc3)cc2n1CCC(C)C,active,391.5590000000001,5.0145200000000045,1.0,4.0,8.397940008672037
250,CHEMBL4104070,Cc1nc2ccc(-c3ccc(CN4CCC[C@@H]4CO)cc3)cc2n1CC1CCCC1,active,403.57000000000016,5.158620000000005,1.0,4.0,8.0
251,CHEMBL4093921,Cc1nc2ccc(-c3ccc(CN4CCC[C@@H]4CO)cc3)cc2n1Cc1ccccc1,active,411.54900000000004,5.016720000000005,1.0,4.0,6.6020599913279625
252,CHEMBL4066355,Cc1nc2ccc(-c3ccc(CN4CCC[C@@H]4CO)cc3)cc2n1CC(C)C,active,377.53200000000004,4.624420000000004,1.0,4.0,6.356547323513812
253,CHEMBL3134157,Cc1cc(CS(=O)(=O)c2ccccc2)cc(OCc2ccc(CN3CCC[C@@H]3CO)cc2)c1,active,465.61500000000035,4.504620000000005,1.0,5.0,9.096910013008056
254,CHEMBL3348835,Cc1cc(CS(=O)(=O)c2ccccc2)cc(OCc2ccc(CN3CCC[C@H]3CO)cc2)c1,active,465.61500000000035,4.504620000000005,1.0,5.0,7.366531544420414
255,CHEMBL4077280,Cc1cc(CS(=O)(=O)c2ccccc2)cc(OCc2ccc(CN3CC[C@H](O)C3)cc2)c1,active,451.5880000000003,4.114520000000003,1.0,5.0,10.522878745280337
256,CHEMBL4077075,Cc1cc(CS(=O)(=O)c2ccccc2)cc(OCc2ccc(CN3CC[C@@H](O)C3)cc2)c1,active,451.5880000000003,4.114520000000003,1.0,5.0,7.522878745280337
257,CHEMBL4061789,Cc1cc(CS(=O)(=O)c2ccccc2)cc(OCc2ccc(CN3C[C@@H](O)[C@H](O)C3)cc2)c1,active,467.5870000000003,3.085320000000001,2.0,6.0,9.769551078621726
258,CHEMBL4063424,Cc1cc(CS(=O)(=O)c2ccccc2)cc(OCc2ccc(CN3C[C@H](O)[C@H](O)C3)cc2)c1,active,467.5870000000003,3.085320000000001,2.0,6.0,9.0
259,CHEMBL4103414,Cc1cc(CS(=O)(=O)c2ccccc2)cc(OCc2ccc(CNCCO)cc2)c1,active,425.55000000000024,3.6298200000000023,2.0,5.0,8.455931955649724
260,CHEMBL4090361,O=S(=O)(Cc1cccc(OCc2ccc(CN3CCC[C@@H]3CO)cc2)c1)c1ccccc1,active,451.5880000000002,4.196200000000004,1.0,5.0,9.522878745280337
261,CHEMBL4069327,O=S(=O)(Cc1cccc(OCc2ccc(CN3CCC[C@@H]3CO)cc2)c1)C1CC1,active,415.55500000000023,3.299500000000002,1.0,5.0,8.769551078621726
262,CHEMBL4093845,CS(=O)(=O)Cc1cccc(OCc2ccc(CN3CCC[C@@H]3CO)cc2)c1,active,389.51700000000017,2.7669000000000015,1.0,5.0,6.284832642151542
263,CHEMBL4066270,OC[C@H]1CCCN1Cc1ccc(COc2cccc(C3CCCCC3)c2)cc1,active,379.54400000000027,5.270000000000006,1.0,3.0,10.522878745280337
264,CHEMBL4086094,CC(C)c1cccc(OCc2ccc(CN3CCC[C@@H]3CO)cc2)c1,active,339.479,4.3457000000000034,1.0,3.0,9.221848749616356
265,CHEMBL4104017,Cc1nc(-c2cccc(OCc3ccc(CN4CCC[C@@H]4CO)cc3)c2)no1,active,379.46000000000004,3.580720000000002,1.0,6.0,8.769551078621726
267,CHEMBL4101573,Cc1cc(CS(=O)(=O)c2ccccc2)cc(OCc2ccc3[nH]c(N)nc3c2)c1,active,407.4950000000002,4.006420000000002,2.0,5.0,6.7447274948966935
268,CHEMBL4101628,Cc1cc(CS(=O)(=O)c2ccccc2)cc(OCc2ccc3[nH]cnc3c2)c1,inactive,392.48000000000013,4.424220000000003,1.0,4.0,4.568636235841013
269,CHEMBL3134157,Cc1cc(CS(=O)(=O)c2ccccc2)cc(OCc2ccc(CN3CCC[C@@H]3CO)cc2)c1,active,465.61500000000035,4.504620000000005,1.0,5.0,7.698970004336019
270,CHEMBL3348835,Cc1cc(CS(=O)(=O)c2ccccc2)cc(OCc2ccc(CN3CCC[C@H]3CO)cc2)c1,active,465.61500000000035,4.504620000000005,1.0,5.0,6.153044674980176
271,CHEMBL4077280,Cc1cc(CS(=O)(=O)c2ccccc2)cc(OCc2ccc(CN3CC[C@H](O)C3)cc2)c1,active,451.5880000000003,4.114520000000003,1.0,5.0,8.2839966563652
272,CHEMBL4061789,Cc1cc(CS(=O)(=O)c2ccccc2)cc(OCc2ccc(CN3C[C@@H](O)[C@H](O)C3)cc2)c1,active,467.5870000000003,3.085320000000001,2.0,6.0,8.193820026016112
273,CHEMBL4063424,Cc1cc(CS(=O)(=O)c2ccccc2)cc(OCc2ccc(CN3C[C@H](O)[C@H](O)C3)cc2)c1,active,467.5870000000003,3.085320000000001,2.0,6.0,7.42021640338319
274,CHEMBL4090361,O=S(=O)(Cc1cccc(OCc2ccc(CN3CCC[C@@H]3CO)cc2)c1)c1ccccc1,active,451.5880000000002,4.196200000000004,1.0,5.0,7.455931955649724
276,CHEMBL4066270,OC[C@H]1CCCN1Cc1ccc(COc2cccc(C3CCCCC3)c2)cc1,active,379.54400000000027,5.270000000000006,1.0,3.0,8.823908740944319
277,CHEMBL4086094,CC(C)c1cccc(OCc2ccc(CN3CCC[C@@H]3CO)cc2)c1,active,339.479,4.3457000000000034,1.0,3.0,7.721246399047171
278,CHEMBL4104017,Cc1nc(-c2cccc(OCc3ccc(CN4CCC[C@@H]4CO)cc3)c2)no1,active,379.46000000000004,3.580720000000002,1.0,6.0,6.761953896871205
280,CHEMBL4060768,O=C(c1cc([C@H]2CCCN2c2cc(F)cc(F)c2)c2oc(N3CCOCC3)cc(=O)c2c1)N1CCOCC1,inactive,525.5520000000005,3.721700000000002,0.0,7.0,4.5376020021010435
281,CHEMBL1819205,CCCCCCCCCCCCCC[C@@H]1OC[C@@H](N)[C@@H]1O,active,299.49899999999997,4.164600000000003,2.0,3.0,6.086186147616283
282,CHEMBL4103173,CCCCCCCCc1ccccc1CC[C@@H]1OC[C@@H](N)[C@@H]1O,inactive,319.4890000000001,3.6092000000000017,2.0,3.0,4.522878745280337
283,CHEMBL4078892,CCCCCCCc1cccc(CC[C@@H]2OC[C@@H](N)[C@@H]2O)c1,inactive,305.462,3.219100000000001,2.0,3.0,4.522878745280337
284,CHEMBL4062604,CCCCCCCCc1cccc(CC[C@@H]2OC[C@@H](N)[C@@H]2O)c1,inactive,319.48900000000003,3.6092000000000013,2.0,3.0,4.795880017344075
285,CHEMBL4090570,CCCCCCCCCc1cccc(CC[C@@H]2OC[C@@H](N)[C@@H]2O)c1,inactive,333.5160000000001,3.9993000000000016,2.0,3.0,4.920818753952375
286,CHEMBL4071253,CCCCCCc1ccc(CC[C@@H]2OC[C@@H](N)[C@@H]2O)cc1,inactive,291.43499999999995,2.8289999999999997,2.0,3.0,4.522878745280337
288,CHEMBL4081791,CCCCCCCCCCc1ccc(CC[C@@H]2OC[C@@H](N)[C@@H]2O)cc1,active,347.54300000000006,4.389400000000004,2.0,3.0,6.376750709602099
289,CHEMBL4059874,CCCCCCCCCCCCc1ccc(CC[C@@H]2OC[C@@H](N)[C@@H]2O)cc1,active,375.59700000000004,5.169600000000005,2.0,3.0,6.055517327849832
290,CHEMBL4089663,CCCCCCCCCCCCCCc1ccc(CC[C@@H]2OC[C@@H](N)[C@@H]2O)cc1,inactive,403.6510000000001,5.949800000000007,2.0,3.0,4.522878745280337
291,CHEMBL4076550,N[C@@H]1CO[C@@H](CCCCCCCCCCCOCC2CCCCC2)[C@H]1O,active,369.59000000000015,4.571300000000005,2.0,4.0,6.42021640338319
292,CHEMBL4075031,N[C@@H]1CO[C@@H](CCCCCCCCCCOCC2CCCCC2)[C@H]1O,active,355.5630000000001,4.181200000000004,2.0,4.0,6.657577319177793
293,CHEMBL4101713,N[C@@H]1CO[C@@H](CCCCCCCCCOCC2CCCCC2)[C@H]1O,active,341.53600000000006,3.7911000000000032,2.0,4.0,6.173925197299173
295,CHEMBL4067667,CC(C)COCCCCCCCCCCC[C@@H]1OC[C@@H](N)[C@@H]1O,active,329.525,3.6470000000000025,2.0,4.0,6.1487416512809245
297,CHEMBL4078560,CCCCCCCCCOCCCC[C@@H]1OC[C@@H](N)[C@@H]1O,inactive,301.47099999999995,3.010900000000001,2.0,4.0,4.522878745280337
300,CHEMBL4087389,CCCCCCCCCCCCCC[C@@H]1OC[C@@H](NC(C)=O)[C@@H]1O,inactive,341.536,4.342000000000003,2.0,3.0,4.522878745280337
302,CHEMBL322333,CCCCCCCCCCCCC/C=C/[C@@H](O)[C@H](CO)N(C)C,inactive,327.55300000000005,4.5271000000000035,2.0,3.0,4.221848749616356
303,CHEMBL1076555,Oc1ccc(Nc2nc(-c3ccc(Cl)cc3)cs2)cc1,inactive,302.78600000000006,4.912700000000002,2.0,4.0,4.455931955649724
305,CHEMBL2158685,O=C(NCc1ccncc1)C12CC3CC(C1)CC(c1ccc(Cl)cc1)(C3)C2,inactive,380.9190000000001,4.889400000000005,1.0,2.0,4.0
306,CHEMBL3134157,Cc1cc(CS(=O)(=O)c2ccccc2)cc(OCc2ccc(CN3CCC[C@@H]3CO)cc2)c1,active,465.61500000000035,4.504620000000005,1.0,5.0,8.568636235841012
307,CHEMBL3287036,CCCCOc1ccc(CC/C=C2\SC(=O)N(CCN)C2=O)cc1,inactive,348.46800000000013,3.336100000000002,1.0,5.0,5.0
308,CHEMBL2158686,CCCCCCCCc1ccc(CC[C@@](N)(CO)COC)cc1,inactive,321.50500000000005,3.8584000000000023,2.0,3.0,4.301029995663981
310,CHEMBL4162455,CCCCOC(=O)Nc1ccc(C(O)CN2CCN(c3ccncc3)CC2)cc1,inactive,398.5070000000001,3.285800000000002,2.0,6.0,4.259637310505756
311,CHEMBL4173139,CCCCOC(=O)Nc1cccc(C(O)CN2CCN(c3ccncc3)CC2)c1,inactive,398.5070000000002,3.285800000000002,2.0,6.0,4.221848749616356
312,CHEMBL4170798,CC1Cc2c(N/N=C/c3ccc(Cl)cc3)ncnc2N(C)c2ccccc21,inactive,377.87900000000013,5.003500000000003,1.0,5.0,4.920818753952375
313,CHEMBL4245507,O=C(Cc1cccc(OCCCN2CCNCC2)c1)Nc1nc(-c2ccncc2)cs1,inactive,437.569,3.0604000000000005,2.0,7.0,5.0
314,CHEMBL1076555,Oc1ccc(Nc2nc(-c3ccc(Cl)cc3)cs2)cc1,inactive,302.78600000000006,4.912700000000002,2.0,4.0,4.455931955649724
315,CHEMBL3134157,Cc1cc(CS(=O)(=O)c2ccccc2)cc(OCc2ccc(CN3CCC[C@@H]3CO)cc2)c1,active,465.61500000000035,4.504620000000005,1.0,5.0,7.552841968657781
316,CHEMBL4090361,O=S(=O)(Cc1cccc(OCc2ccc(CN3CCC[C@@H]3CO)cc2)c1)c1ccccc1,active,451.5880000000002,4.196200000000004,1.0,5.0,6.841637507904751
317,CHEMBL4444218,O=S(=O)(Oc1cccc(OCc2ccc(CN3CCC[C@@H]3CO)cc2)c1)c1ccccc1,active,453.5600000000002,3.9900000000000038,1.0,6.0,7.958607314841775
318,CHEMBL4472026,OC[C@H]1CCCN1Cc1ccc(COc2cccc(CCc3ccccc3)c2)cc1,active,401.5500000000002,5.007500000000005,1.0,3.0,7.585026652029182
319,CHEMBL4574678,OC[C@H]1CCCN1Cc1ccc(COc2cccc(OCc3ccccc3)c2)cc1,active,403.52200000000016,4.801300000000005,1.0,4.0,7.853871964321762
320,CHEMBL4551903,OC[C@H]1CCCN1Cc1ccc(COc2cccc(OCc3ccccc3F)c2)cc1,active,421.51200000000017,4.940400000000005,1.0,4.0,7.3872161432802645
321,CHEMBL4474024,OC[C@H]1CCCN1Cc1ccc(COc2cccc(OCc3cccc(F)c3)c2)cc1,active,421.51200000000017,4.940400000000005,1.0,4.0,8.045757490560675
322,CHEMBL4456309,OC[C@H]1CCCN1Cc1ccc(COc2cccc(OCc3ccc(F)cc3)c2)cc1,active,421.51200000000017,4.940400000000005,1.0,4.0,6.769551078621726
323,CHEMBL4454855,OC[C@H]1CCCN1Cc1ccc(COc2cccc(OCc3ccccc3Cl)c2)cc1,active,437.9670000000002,5.454700000000006,1.0,4.0,7.4089353929735005
324,CHEMBL4455113,OC[C@H]1CCCN1Cc1ccc(COc2cccc(OCc3cccc(Cl)c3)c2)cc1,active,437.9670000000002,5.454700000000006,1.0,4.0,7.356547323513812
328,CHEMBL4578165,OC[C@H]1CCCN1Cc1ccc(COc2cccc(SCc3ccccc3)c2)cc1,active,419.59000000000015,5.514600000000006,1.0,4.0,6.863279432843593
329,CHEMBL4593030,OC[C@H]1CCCN1Cc1ccc(COc2cccc(SCc3ccc(F)cc3)c2)cc1,active,437.58000000000015,5.653700000000006,1.0,4.0,6.116338564846382
331,CHEMBL4561692,COc1ncc(-c2cc3c(c(NC(=O)CN4CCOCC4)c2)COC3)cc1NS(C)(=O)=O,inactive,462.52800000000025,1.4295999999999993,2.0,8.0,5.0
332,CHEMBL4569508,O=C(NCC(F)(F)F)c1cc(-c2cnn3cc(-c4ccc(OCCN5CCCCC5)cc4)cnc23)cs1,inactive,529.5880000000004,5.2816000000000045,1.0,7.0,4.494850021680094
333,CHEMBL4550702,Cn1cc(-c2cnc3c(-c4csc(C(=O)NCC(F)(F)F)c4)cnn3c2)cn1,inactive,406.39300000000003,3.150400000000001,1.0,7.0,4.0
334,CHEMBL4568087,Cn1cc(-c2cnc3c(-c4csc(C(=O)N[C@@H]5CCCC[C@@H]5N)c4)cnn3c2)cn1,inactive,421.5300000000002,2.8580000000000005,2.0,8.0,5.0
335,CHEMBL4552628,Cc1sc(C(=O)N[C@@H]2[C@H](N)CCCC2(F)F)cc1-c1cnn2cc(Cl)cnc12,inactive,425.89200000000005,3.664520000000002,2.0,6.0,4.0
336,CHEMBL4634634,C[C@@H]1C[C@H]1C(=O)N1CCN(c2cnc(C#N)c(-c3cnn(C)c3)n2)C[C@H]1C,inactive,365.4410000000001,1.4418799999999996,0.0,7.0,4.861066059743076
338,CHEMBL552462,COc1ccc(Nc2nc(N)c(C(=O)c3ccc(OC)c(OC)c3)s2)cc1,inactive,385.4450000000001,3.7257000000000016,2.0,8.0,4.522878745280337
339,CHEMBL552462,COc1ccc(Nc2nc(N)c(C(=O)c3ccc(OC)c(OC)c3)s2)cc1,active,385.4450000000001,3.7257000000000016,2.0,8.0,7.221848749616356
340,CHEMBL3134157,Cc1cc(CS(=O)(=O)c2ccccc2)cc(OCc2ccc(CN3CCC[C@@H]3CO)cc2)c1,active,465.61500000000035,4.504620000000005,1.0,5.0,7.3979400086720375
342,CHEMBL4756733,CCCCCCCCCCCCCC[C@H]1NC[C@H](N)[C@@H]1O,inactive,298.515,3.737600000000001,3.0,3.0,4.0
344,CHEMBL4877410,O=C(N/N=C/c1ccc2c(c1)OCCO2)c1cc(-c2ccc3ccccc3c2)[nH]n1,inactive,398.42199999999997,3.7650000000000023,2.0,5.0,5.0
345,CHEMBL4869467,COc1ccc(/C=N/NC(=O)c2cc(-c3ccc4ccccc4c3)[nH]n2)cc1,inactive,370.41200000000003,4.0024000000000015,2.0,4.0,5.0
346,CHEMBL4858010,COc1ccccc1/C=N/NC(=O)c1cc(-c2ccc3ccccc3c2)[nH]n1,inactive,370.41200000000003,4.0024000000000015,2.0,4.0,5.0
347,CHEMBL4849293,COc1cccc(/C=N/NC(=O)c2cc(-c3ccc4ccccc4c3)[nH]n2)c1,inactive,370.41200000000003,4.002400000000002,2.0,4.0,5.0
348,CHEMBL4869938,COc1ccc2ccccc2c1/C=N/NC(=O)c1cc(-c2ccc3ccccc3c2)[nH]n1,inactive,420.4720000000001,5.155600000000004,2.0,4.0,5.0
349,CHEMBL1290096,O=C(N/N=C/c1ccc(O)cc1)c1cc(-c2ccc3ccccc3c2)n[nH]1,inactive,356.385,3.6994000000000016,3.0,4.0,5.0
350,CHEMBL1289885,O=C(N/N=C/c1cccc(O)c1)c1cc(-c2ccc3ccccc3c2)n[nH]1,inactive,356.385,3.6994000000000016,3.0,4.0,5.0
351,CHEMBL1289998,O=C(N/N=C/c1ccccc1O)c1cc(-c2ccc3ccccc3c2)n[nH]1,inactive,356.385,3.6994000000000016,3.0,4.0,5.0
352,CHEMBL4846418,O=C(N/N=C/C1CCCCC1)c1cc(-c2ccc3ccccc3c2)[nH]n1,inactive,346.43399999999997,4.525800000000003,2.0,3.0,5.0
353,CHEMBL4877610,O=C(N/N=C/c1cccc2ccccc12)c1cc(-c2ccc3ccccc3c2)[nH]n1,inactive,390.446,5.147000000000004,2.0,3.0,5.0
354,CHEMBL4870518,O=C(N/N=C/c1ccccc1)c1cc(-c2ccc3ccccc3c2)[nH]n1,inactive,340.386,3.993800000000002,2.0,3.0,5.0
355,CHEMBL4871012,O=C(N/N=C/c1cccnc1)c1cc(-c2ccc3ccccc3c2)[nH]n1,inactive,341.37399999999997,3.3888000000000016,2.0,4.0,5.0
356,CHEMBL4851938,O=C(N/N=C/c1ccc(Cl)cc1)c1cc(-c2ccc3ccccc3c2)[nH]n1,inactive,374.831,4.647200000000003,2.0,3.0,5.0
357,CHEMBL4866324,O=C(N/N=C/c1cccc([N+](=O)[O-])c1)c1cc(-c2ccc3ccccc3c2)[nH]n1,inactive,385.38300000000004,3.902000000000002,2.0,5.0,5.0
358,CHEMBL1241832,O=C(N/N=C/c1c(O)ccc2ccccc12)c1cc(-c2ccc3ccccc3c2)n[nH]1,inactive,406.44500000000005,4.8526000000000025,3.0,4.0,5.0
